{"cameraMode":{"drawMode":0,"name":"Shaded","section":"Shading Mode"},"sceneLighting":true,"audioPlay":false,"sceneViewState":{"m_AlwaysRefresh":false,"showFog":true,"showSkybox":true,"showFlares":true,"showImageEffects":true,"showParticleSystems":true,"showVisualEffectGraphs":true,"m_FxEnabled":true},"in2DMode":false,"pivot":{"x":43.396724700927737,"y":6.054978847503662,"z":-53.13362503051758},"rotation":{"x":0.049871403723955157,"y":0.8492312431335449,"z":-0.05844336003065109,"w":0.5249256491661072},"size":10.449999809265137,"orthographic":false}