{"cameraMode":{"drawMode":0,"name":"Shaded","section":"Shading Mode"},"sceneLighting":true,"audioPlay":false,"sceneViewState":{"m_AlwaysRefresh":false,"showFog":true,"showSkybox":true,"showFlares":true,"showImageEffects":true,"showParticleSystems":true,"showVisualEffectGraphs":true,"m_FxEnabled":true},"in2DMode":false,"pivot":{"x":33.50122833251953,"y":10.377169609069825,"z":1.9341179132461548},"rotation":{"x":-0.012001655995845795,"y":-0.11302720010280609,"z":0.0006628137198276818,"w":-0.993683934211731},"size":0.8660253882408142,"orthographic":false}