{"cameraMode":{"drawMode":0,"name":"Shaded","section":"Shading Mode"},"sceneLighting":true,"audioPlay":false,"sceneViewState":{"m_AlwaysRefresh":false,"showFog":true,"showSkybox":true,"showFlares":true,"showImageEffects":true,"showParticleSystems":true,"showVisualEffectGraphs":true,"m_FxEnabled":true},"in2DMode":false,"pivot":{"x":40.823978424072269,"y":9.608723640441895,"z":-35.837642669677737},"rotation":{"x":-0.0021165190264582636,"y":-0.9998511075973511,"z":-0.010583176277577877,"w":-0.034571412950754169},"size":2.4921445846557619,"orthographic":false}